numRows,x,y,bf,bv,coef0,coef1,coef2
10,a,b,*,*,2.4456818037,-2.1671891604,0.6759008667
