x,bf,bv,numRows,coef0,coef1,coef2
a,*,*,10,2.4456818037,-2.1671891604,0.6759008667
